{"36.106900,-112.112900": 1011.097229003906, "37.865100,-119.538300": 2618.468505859375, "51.496800,-115.928100": 2065.6474609375, "-45.415500,167.718400": 214, "46.657200,10.283400": 2117.335693359375, "-23.988400,31.554700": 302.2110290527344, "44.428000,-110.588500": 2456.826904296875, "-51.253800,-72.345900": 110.7563705444336, "54.460900,-3.088600": 534.8272705078125, "46.852300,-121.760300": 4387.0009765625, "-24.572580,128.105050": 480.2936096191406, "19.551105,83.876001": 346.4658203125, "50.013508,60.510662": 251, "59.461925,67.179050": 45.10528945922852, "21.147445,27.613563": 396.1324768066406, "0.457259,101.178315": 61.86287307739258, "-18.961531,24.921853": 997.9419555664062, "-12.339370,-42.767915": 464.3479309082031, "50.752058,-54.610638": -216.6128540039062, "33.790225,-98.595271": 307.6518249511719, "30.077056,6.409094": 236.6326751708984, "-25.585518,28.743293": 1404.64013671875, "-10.773473,28.833205": 1189.015747070312, "46.864018,72.215542": 532.0392456054688, "-9.376614,38.930675": 237.6029663085938, "54.365618,80.333421": 168, "33.570219,127.352926": -98.45635986328125, "-36.835299,-72.417951": 110.8596801757812, "54.926272,52.621738": 288.7481994628906, "-8.115209,135.831537": -63.83796310424805, "15.052086,-2.259960": 290.3049926757812, "5.525507,-53.914277": 48.42839050292969, "53.776915,16.430003": 94.14501953125, "23.331842,-89.657579": -227.8645782470703, "45.262445,-101.157764": 665.2877197265625, "-37.373800,149.093045": 593.202880859375, "53.342104,-69.442715": 596.3780517578125}